{"items":{"MBP2022_13_M2":{"type":"WUIP","name":"MacBook Pro","baseName":"Macbook Pro Main","id":"MBP2022_13_M2","price":{"value":129900.00,"display":{"smart":"₹129900.00","actual":"₹129900.00","from":"From ₹129900.00","monthlyFrom":"From ₹20317.00/mo. or ₹129900.00","monthlyPrice":"From ₹20317.00 for 6 mo.","perMonth":"₹20317.00/mo.","perMonthSmart":"₹20317.00","perMonthActual":"₹20317.00","perMonthValue":"20317","months":"6","apr":"15 %"}}},"MBP2023_16":{"type":"WUIP","name":"16-inch MacBook Pro","baseName":"Macbook Pro Main","id":"MBP2023_16","price":{"value":249900.00,"display":{"smart":"₹249900.00","actual":"₹249900.00","from":"From ₹249900.00","monthlyFrom":"From ₹40316.00/mo. or ₹249900.00","monthlyPrice":"From ₹40316.00 for 6 mo.","perMonth":"₹40316.00/mo.","perMonthSmart":"₹40316.00","perMonthActual":"₹40316.00","perMonthValue":"40316","months":"6","apr":"15 %"}}},"MBP2023_14":{"type":"WUIP","name":"MacBook Pro","baseName":"Macbook Pro Main","id":"MBP2023_14","price":{"value":199900.00,"display":{"smart":"₹199900.00","actual":"₹199900.00","from":"From ₹199900.00","monthlyFrom":"From ₹31983.00/mo. or ₹199900.00","monthlyPrice":"From ₹31983.00 for 6 mo.","perMonth":"₹31983.00/mo.","perMonthSmart":"₹31983.00","perMonthActual":"₹31983.00","perMonthValue":"31983","months":"6","apr":"15 %"}}}}}